<?xml version="1.0" encoding="UTF-8"?>
<!DOCTYPE mapper PUBLIC "-//mybatis.org//DTD Mapper 3.0//EN" "http://mybatis.org/dtd/mybatis-3-mapper.dtd">
<mapper namespace="com.example.mapper_oracle.EventMapper">
	
	<select id = "elist" resultType = "com.example.domain.EventVO">
		select * from (select rownum rn, tbl_event.* from tbl_event) where rn between 1 and 10
	</select>
	
	<insert id = "einsert">
		insert into tbl_event(e_no, id, e_title, e_regdate, e_content) 
		values(seq_eno.nextval, #{id}, #{e_title}, sysdate, #{e_content})
	</insert>
	
	<select id = "eread" resultType = "com.example.domain.EventVO">
		select * from tbl_event where e_no = #{e_no}
	</select>

	<update id = "eupdatepost" >
		update tbl_event set e_title = #{e_title}, e_content = #{e_content} where e_no = #{e_no}
	</update>
	
	<delete id = "edelete">
		delete from tbl_event where e_no = #{e_no}
	</delete>
</mapper>