<?xml version="1.0" encoding="UTF-8"?>
<!DOCTYPE mapper PUBLIC "-//mybatis.org//DTD Mapper 3.0//EN" "http://mybatis.org/dtd/mybatis-3-mapper.dtd">
<mapper namespace="com.example.mapper_oracle.MasterMapper">
	<select id = "mulist" resultType = "com.example.domain.UserVO">
		select * from tbl_user 
		<if test="searchType==''">
 		where  like '%'||#{keyword}||'%' 
 	</if>
 	<if test="searchType==''">
 		where  like '%'||#{keyword}||'%' 
 	</if>
 	<if test="searchType==''">
 		where  like '%'||#{keyword}||'%' 
 	</if>
 	order by uno asc
<!--  	between #{pageStart}, #{perPageNum} -->
	</select>
</mapper>