<?xml version="1.0" encoding="UTF-8"?>
<!DOCTYPE mapper PUBLIC "-//mybatis.org//DTD Mapper 3.0//EN" "http://mybatis.org/dtd/mybatis-3-mapper.dtd">
<mapper namespace="com.example.mapper_oracle.NoticeMapper">
   <insert id = "ninsert">
      insert into tbl_notice(n_no, id, n_title, n_regdate, n_content) 
      values(seq_mno.nextval, #{id}, #{n_title}, sysdate, #{n_content})
   </insert>
   
   <select id = "nread" resultType = "com.example.domain.NoticeVO">
      select * from tbl_notice where n_no = #{n_no}
   </select>
   
   <select id = "nlist" resultType = "com.example.domain.NoticeVO">
      select * from 
      (select rownum rn, tbl_notice.* from tbl_notice)
      where rn between 1 and 10
   </select>
   
   <update id = "nupdatepost" >
      update tbl_notice set n_title = #{n_title}, n_content = #{n_content} where n_no = #{n_no}
   </update>
   
   <delete id = "ndelete">
      delete from tbl_notice where n_no = #{n_no}
   </delete>
</mapper>