<?xml version="1.0" encoding="UTF-8"?>
<!DOCTYPE mapper PUBLIC "-//mybatis.org//DTD Mapper 3.0//EN" "http://mybatis.org/dtd/mybatis-3-mapper.dtd">
<mapper namespace="com.example.mapper_oracle.UserMapper">

	<select id="read" resultType="com.example.domain.UserVO">
		select * from tbl_user where id = #{id}
	</select>
	
	 <insert id = "signup">
		insert into tbl_user(id, pw, name, birthday, phone, addr, addrDetail, email, gender, keyword, image, uno)
		 values(#{id}, #{pw}, #{name}, #{birthday}, #{phone}, #{addr}, #{addrDetail}, #{email}, #{gender}, #{keyword}, #{image},
		 seq_uno.nextval)
	</insert>
	
	<select id="list" resultType="com.example.domain.UserVO">
		select * from tbl_user where id like '%' ||  #{query} || '%'
	</select>
	
	<select id = "idchk" resultType = "int">
      	select count(id) from tbl_user where id = #{id} 
   	</select>
</mapper>