<?xml version="1.0" encoding="UTF-8"?>
<!DOCTYPE mapper PUBLIC "-//mybatis.org//DTD Mapper 3.0//EN" "http://mybatis.org/dtd/mybatis-3-mapper.dtd">
<mapper namespace="com.example.mapper_oracle.QnAMapper">
   <insert id = "qinsert">
      insert into tbl_qna(q_no, id, q_title, q_regdate, q_content) 
      values(seq_qno.nextval, #{id}, #{q_title}, sysdate, #{q_content})
   </insert>
   
   <select id = "qread" resultType = "com.example.domain.QnAVO">
      select * from tbl_qna where q_no = #{q_no}
   </select>
   
      <select id = "qlist" resultType = "com.example.domain.QnAVO">
      select * from 
         (select rownum rn, tbl_qna.* from tbl_qna where q_title like '%'||#{query}||'%' order by q_regdate desc)
         where rn between (#{cri.pageStart}+1) and (#{cri.pageStart}+#{cri.perPageNum})
   </select>
   
   <update id = "qupdatepost" >
      update tbl_qna set q_title = #{q_title}, q_content = #{q_content} where q_no = #{q_no}
   </update>
   
   <delete id = "qdelete">
      delete from tbl_qna where q_no = #{q_no}
   </delete>
      
      <select id="totalCount" resultType="int">
      select count(*) from tbl_qna where q_title like '%'||#{query}||'%'
   </select>
</mapper>